dataset,seed,classifier_accuracy,classifier_balanced_accuracy,classifier_test_loss,classifier_training_seconds,classifier_peak_gpu_memory_mb,model,custom_fid,custom_kid_mean,custom_kid_std,mean_classifier_confidence,median_classifier_confidence,recognizability_rate_at_0.8,class_coverage,class_distribution_entropy,class_distribution_jsd,inception_score,feature_pairwise_distance,sobel_sharpness,training_minutes,sampling_total_seconds,sampling_ms_per_image,trainable_parameters,training_peak_gpu_memory_mb,sampling_peak_gpu_memory_mb,peak_gpu_memory_mb,final_training_loss,training_tail_cv,nonfinite_loss_count
fashion_mnist,0,0.9423,0.9422999620437622,0.3242669518470764,218.5868164999993,1028.552734375,VAE,121.645654995441,1.1274044513702393,0.0604149550199508,0.7950593829154968,0.8644722104072571,0.5712,10,0.8616817138493712,0.0804845384141453,4.219988822937012,12.958029747009276,0.5460428595542908,1.6159669999999702,0.1825529999987338,0.0365105999997467,1955211,1571.32177734375,6294.35888671875,6294.35888671875,910.6132202148438,0.0212538760996898,0
fashion_mnist,0,0.9423,0.9422999620437622,0.3242669518470764,218.5868164999993,1028.552734375,DDPM,28.63214652379448,0.3428811430931091,0.0341721922159194,0.9303228259086608,0.9981240034103394,0.8628,10,0.9776026644714604,0.0127785734849916,7.887774467468262,19.644371032714844,0.6011381149291992,5.548557891666618,53.04087419999996,10.608174839999991,5787075,3102.8251953125,7682.5322265625,7682.5322265625,0.0210594832897186,0.0826040159438593,0
fashion_mnist,0,0.9423,0.9422999620437622,0.3242669518470764,218.5868164999993,1028.552734375,LDM,52.37924024189668,0.7034978866577148,0.0485423021018505,0.9551718831062316,0.9998942017555236,0.9076,10,0.9601413485156014,0.0256569335244958,8.117598533630371,20.39772224426269,0.508796215057373,3.4060944916665905,3.815735800002585,0.763147160000517,7743439,1571.32177734375,5195.8330078125,5195.8330078125,0.2604349255561828,0.0647514796574903,0
fashion_mnist,1,0.9423,0.9422999620437622,0.3242669518470764,218.5868164999993,1028.552734375,VAE,116.18857999174055,1.099611520767212,0.0563979409635067,0.7955028414726257,0.8688275814056396,0.577,10,0.8794661305825108,0.0703549736925824,4.407074928283691,13.213570594787598,0.5541554093360901,1.61224058166675,0.1805566999973962,0.0361113399994792,1955211,1498.6181640625,6302.48388671875,6302.48388671875,940.4844360351562,0.02140543008513,0
fashion_mnist,1,0.9423,0.9422999620437622,0.3242669518470764,218.5868164999993,1028.552734375,DDPM,31.095759127955198,0.363060861825943,0.0360050834715366,0.9284502863883972,0.9979952573776244,0.8554,10,0.9682117419259224,0.0176610172848918,7.693972110748291,19.585227966308597,0.6101886034011841,5.553577486666715,53.09658769999805,10.61931753999961,5787075,3104.9501953125,7682.5322265625,7682.5322265625,0.0238923877477645,0.081970169851474,0
fashion_mnist,1,0.9423,0.9422999620437622,0.3242669518470764,218.5868164999993,1028.552734375,LDM,50.79174751479711,0.6811744570732117,0.0519248060882091,0.9511229395866394,0.9998610019683838,0.899,10,0.962596520774526,0.0232440783857307,8.121376037597656,20.519222259521484,0.5219417810440063,3.4657958533333537,3.8070453999971514,0.7614090799994302,7743439,1498.6181640625,5195.8330078125,5195.8330078125,0.2320523560047149,0.0359369947735716,0
fashion_mnist,2,0.9423,0.9422999620437622,0.3242669518470764,218.5868164999993,1028.552734375,VAE,116.95307072976364,1.094205617904663,0.0690631195902824,0.7962546944618225,0.8640795350074768,0.5758,10,0.8714893172795134,0.0742776774592184,4.364278793334961,13.058086395263672,0.5516033172607422,1.61133872666663,0.1804701000000932,0.0360940200000186,1955211,1498.6181640625,6302.48388671875,6302.48388671875,945.7109985351562,0.0156449138302815,0
fashion_mnist,2,0.9423,0.9422999620437622,0.3242669518470764,218.5868164999993,1028.552734375,DDPM,28.1304920046601,0.3193704783916473,0.0316683463752269,0.926978588104248,0.9982484579086304,0.8496,10,0.9775284373836246,0.0129234421714566,7.838968276977539,19.54210090637207,0.5972816944122314,5.554151484999966,53.0802377,10.61604754,5787075,3104.9501953125,7682.5322265625,7682.5322265625,0.0244477298110723,0.0679035300715366,0
fashion_mnist,2,0.9423,0.9422999620437622,0.3242669518470764,218.5868164999993,1028.552734375,LDM,52.13520394457064,0.703529953956604,0.0365435145795345,0.948188066482544,0.9998182058334352,0.892,10,0.9641008243894488,0.0226748178477771,8.094408988952637,20.3313102722168,0.5085395574569702,3.5451399499999146,3.821999899999355,0.764399979999871,7743439,1498.6181640625,5195.8330078125,5195.8330078125,0.2490438520908355,0.0689023855311278,0
fashion_mnist,3,0.9423,0.9422999620437622,0.3242669518470764,218.5868164999993,1028.552734375,VAE,118.07587757417616,1.102085828781128,0.0594913251698017,0.7967168092727661,0.862348198890686,0.5828,10,0.8685639909378953,0.0774327401666348,4.309794902801514,12.971994400024414,0.5322597026824951,1.6114301899999797,0.1819886000012047,0.0363977200002409,1955211,1498.6181640625,6302.48388671875,6302.48388671875,944.4005126953124,0.016742578999326,0
fashion_mnist,3,0.9423,0.9422999620437622,0.3242669518470764,218.5868164999993,1028.552734375,DDPM,28.970563659559154,0.3526394367218017,0.0363732874393463,0.9277873039245604,0.9983292818069458,0.8536,10,0.973775136255487,0.0153449275062313,7.812897205352783,19.630434036254883,0.6120153069496155,5.552158031666598,52.9957476999989,10.59914953999978,5787075,3104.9501953125,7682.5322265625,7682.5322265625,0.0249210745096206,0.1016703437598194,0
fashion_mnist,3,0.9423,0.9422999620437622,0.3242669518470764,218.5868164999993,1028.552734375,LDM,52.60061243814921,0.6751667857170105,0.0499656423926353,0.9508602619171144,0.9998949766159058,0.9006,10,0.9556938378879748,0.0282765967465465,8.003286361694336,20.59432601928711,0.5002078413963318,3.5036821199999397,3.815375399994082,0.7630750799988164,7743439,1498.6181640625,5195.8330078125,5195.8330078125,0.2752145826816559,0.0608139629753315,0
fashion_mnist,4,0.9423,0.9422999620437622,0.3242669518470764,218.5868164999993,1028.552734375,VAE,122.61971258358676,1.1433289051055908,0.0376239605247974,0.7861794829368591,0.8476079106330872,0.5564,10,0.8608333767447987,0.0819655133144714,4.164087772369385,12.825495719909668,0.547062337398529,1.6100940816667086,0.1806647999983397,0.0361329599996679,1955211,1498.6181640625,6302.48388671875,6302.48388671875,946.8633422851562,0.0169713849685143,0
fashion_mnist,4,0.9423,0.9422999620437622,0.3242669518470764,218.5868164999993,1028.552734375,DDPM,31.3903650834916,0.365443468093872,0.0252501722425222,0.9261888861656188,0.9978387355804444,0.844,10,0.9692011156726368,0.0173049384276433,7.691389560699463,19.571208953857425,0.6198688745498657,5.552771876666641,53.066046499996446,10.613209299999289,5787075,3104.9501953125,7682.5322265625,7682.5322265625,0.0258708111941814,0.0578917080984716,0
fashion_mnist,4,0.9423,0.9422999620437622,0.3242669518470764,218.5868164999993,1028.552734375,LDM,52.15645443082627,0.6718164682388306,0.0414427034556865,0.9513444304466248,0.9998637437820436,0.8972,10,0.9591706617193848,0.0257901608728051,8.05803108215332,20.5596866607666,0.4939079582691192,3.4996625799999794,3.8096523999993215,0.7619304799998645,7743439,1498.6181640625,5195.8330078125,5195.8330078125,0.2581146955490112,0.0482022279278254,0
fashion_product_images,0,0.8805340829234013,0.7740155458450317,0.4851741012099421,59.13895670000056,996.20947265625,VAE,82.72033436520246,0.9327882528305054,0.037711065262556,0.7849112153053284,0.8518864512443542,0.5632,15,0.6609858988815668,0.0610833189026138,3.5060391426086426,13.889629364013672,0.7639020681381226,1.6616000850001,0.1839137999995728,0.0367827599999145,1955211,1514.99267578125,6317.7333984375,6317.7333984375,665.3731689453125,0.0117363327051713,0
fashion_product_images,0,0.8805340829234013,0.7740155458450317,0.4851741012099421,59.13895670000056,996.20947265625,DDPM,16.520021979061177,0.2050736397504806,0.0224272180348634,0.8733818531036377,0.9777350425720216,0.7438,15,0.7453541614086162,0.0070263573816279,5.42793083190918,18.53604888916016,0.825202226638794,5.615656138333361,53.0552297999966,10.61104595999932,5787075,3117.51220703125,7698.46923828125,7698.46923828125,0.0199963711202144,0.1049864436798612,0
fashion_product_images,0,0.8805340829234013,0.7740155458450317,0.4851741012099421,59.13895670000056,996.20947265625,LDM,32.404285181315075,0.3921166956424713,0.0256410855799913,0.8908726572990417,0.9867864847183228,0.7746,15,0.7364292995094321,0.0233314585069446,5.613070964813232,18.94313240051269,0.7828870415687561,3.770670276666715,3.8121269999974174,0.7624253999994834,7743439,1514.99267578125,5211.14501953125,5211.14501953125,0.1957387626171112,0.0738048443205236,0
fashion_product_images,1,0.8805340829234013,0.7740155458450317,0.4851741012099421,59.13895670000056,996.20947265625,VAE,83.44393678947594,0.9286850094795228,0.0382585525512695,0.7933577299118042,0.8625035285949707,0.5768,15,0.6354171613756138,0.0594496606921774,3.3715832233428955,13.81148910522461,0.7707851529121399,1.6638182483333366,0.1806311999971512,0.0361262399994302,1955211,1514.99267578125,6317.7333984375,6317.7333984375,661.9644165039062,0.0159094057954952,0
fashion_product_images,1,0.8805340829234013,0.7740155458450317,0.4851741012099421,59.13895670000056,996.20947265625,DDPM,15.456572264823109,0.1916781961917877,0.0177030265331268,0.8807668685913086,0.9826449155807496,0.7596,15,0.7276353809766523,0.0041927325679052,5.29069709777832,18.347150802612305,0.8242596387863159,5.6175554699999335,53.11470150000241,10.62294030000048,5787075,3117.51220703125,7698.46923828125,7698.46923828125,0.0230004005134105,0.1411636273224746,0
fashion_product_images,1,0.8805340829234013,0.7740155458450317,0.4851741012099421,59.13895670000056,996.20947265625,LDM,33.3660637166992,0.4185273051261902,0.0336891040205955,0.8974878191947937,0.9905049204826356,0.7932,15,0.7411467930310931,0.0302337439761587,5.750369548797607,19.2442626953125,0.7799257636070251,3.798133778333431,3.846168600000965,0.769233720000193,7743439,1514.99267578125,5211.14501953125,5211.14501953125,0.1826394200325012,0.0344280048959425,0
fashion_product_images,2,0.8805340829234013,0.7740155458450317,0.4851741012099421,59.13895670000056,996.20947265625,VAE,79.20882222348871,0.8704603910446167,0.036073699593544,0.7854057550430298,0.8574725985527039,0.565,15,0.6531733084935868,0.0514493598707818,3.446053981781006,13.894262313842772,0.7667270302772522,1.6657825766666066,0.1815315000058035,0.0363063000011607,1955211,1514.99267578125,6317.7333984375,6317.7333984375,666.4339599609375,0.0141580493409761,0
fashion_product_images,2,0.8805340829234013,0.7740155458450317,0.4851741012099421,59.13895670000056,996.20947265625,DDPM,17.776820876774174,0.2349694669246673,0.0231666080653667,0.880149245262146,0.9829368591308594,0.7588,15,0.7238406422472474,0.0058235199684891,5.270856380462647,18.313697814941406,0.8261358141899109,5.626928768333285,53.09466579999571,10.61893315999914,5787075,3117.51220703125,7698.46923828125,7698.46923828125,0.0233464743942022,0.0531806531882538,0
fashion_product_images,2,0.8805340829234013,0.7740155458450317,0.4851741012099421,59.13895670000056,996.20947265625,LDM,32.25393217453603,0.4167933464050293,0.029249869287014,0.8880090713500977,0.9883430004119872,0.774,15,0.7407964205803733,0.0241526842190448,5.648325443267822,18.89009666442871,0.7806827425956726,3.785456401666549,3.83743730000424,0.7674874600008479,7743439,1514.99267578125,5211.14501953125,5211.14501953125,0.1579242795705795,0.0718506864009975,0
fashion_product_images,3,0.8805340829234013,0.7740155458450317,0.4851741012099421,59.13895670000056,996.20947265625,VAE,89.72592868420574,1.001582145690918,0.040057148784399,0.7995550632476807,0.8741821646690369,0.5908,15,0.6136246399440425,0.0703829730626469,3.2405686378479004,13.586098670959473,0.7649078369140625,1.6658180616667475,0.1804971000019577,0.0360994200003915,1955211,1514.99267578125,6317.7333984375,6317.7333984375,657.2406616210938,0.0163690290903135,0
fashion_product_images,3,0.8805340829234013,0.7740155458450317,0.4851741012099421,59.13895670000056,996.20947265625,DDPM,16.529847714795512,0.2003200352191925,0.0215062201023101,0.8794621825218201,0.9817540645599364,0.7582,15,0.7205167778028437,0.0072703115533494,5.179288387298584,18.286277770996094,0.8288766741752625,5.624884478333358,53.20719159999862,10.641438319999724,5787075,3117.51220703125,7698.46923828125,7698.46923828125,0.0256651043891906,0.1037996212921038,0
fashion_product_images,3,0.8805340829234013,0.7740155458450317,0.4851741012099421,59.13895670000056,996.20947265625,LDM,37.53584570777719,0.5063713788986206,0.0333822518587112,0.9002043008804321,0.9885141849517822,0.8004,15,0.7256094659056793,0.0277519321606771,5.566003322601318,18.770832061767575,0.7828211784362793,3.782729886666736,3.811440599994967,0.7622881199989934,7743439,1514.99267578125,5211.14501953125,5211.14501953125,0.2068032771348953,0.0590080543159589,0
fashion_product_images,4,0.8805340829234013,0.7740155458450317,0.4851741012099421,59.13895670000056,996.20947265625,VAE,84.30327643713663,0.9679168462753296,0.0428571514785289,0.7860602140426636,0.8498384952545166,0.5642,15,0.6552164033516406,0.0617762119083653,3.46189284324646,13.87771987915039,0.7692409753799438,1.6653260033333936,0.1827821999977459,0.0365564399995491,1955211,1514.99267578125,6317.7333984375,6317.7333984375,657.7589111328125,0.0210595288046359,0
fashion_product_images,4,0.8805340829234013,0.7740155458450317,0.4851741012099421,59.13895670000056,996.20947265625,DDPM,17.088039764557184,0.2078290432691574,0.0178578682243824,0.8811931610107422,0.9835587739944458,0.7574,15,0.7215756244460658,0.0066911676908834,5.246227264404297,18.299047470092773,0.8288193345069885,5.627946975000062,53.12917580000067,10.625835160000133,5787075,3117.51220703125,7698.46923828125,7698.46923828125,0.0262435004115104,0.089902755190414,0
fashion_product_images,4,0.8805340829234013,0.7740155458450317,0.4851741012099421,59.13895670000056,996.20947265625,LDM,32.70268941662591,0.4094723761081695,0.0202264413237571,0.9047871828079224,0.9931080341339112,0.8084,15,0.7243697624492458,0.0283399299490637,5.606574535369873,19.06928825378418,0.7842563390731812,3.775156270000055,3.815705799999705,0.763141159999941,7743439,1514.99267578125,5211.14501953125,5211.14501953125,0.188482716679573,0.0563123359255883,0
